<?xml version="1.0" encoding="UTF-8"?>
<project-private xmlns="http://www.netbeans.org/ns/project-private/1">
    <editor-bookmarks xmlns="http://www.netbeans.org/ns/editor-bookmarks/2" lastBookmarkId="0"/>
    <open-files xmlns="http://www.netbeans.org/ns/projectui-open-files/2">
        <group>
            <file>file:/E:/Proiecte%20Java/AgendaProiectFinal/src/contactAgenda/persoanaContact.java</file>
            <file>file:/E:/Proiecte%20Java/AgendaProiectFinal/src/contactAgenda/FormaAgenda.java</file>
            <file>file:/E:/Proiecte%20Java/AgendaProiectFinal/src/contactAgenda/Login.java</file>
        </group>
    </open-files>
</project-private>
